TOTAL MSG COUNT,MSG 253 COUNT,THIS CSV MSG COUNT,Synch ,Message ID ,Data Size (16 bit words),Flag ,Checksum ,
1,1,1,'0x81FF','0xFD','0x0','0x8000','0xFD04',
4,2,2,'0x81FF','0xFD','0x0','0x8000','0xFD04',
5,3,3,'0x81FF','0xFD','0x0','0x8000','0xFD04',
8,4,4,'0x81FF','0xFD','0x0','0x8000','0xFD04',
9,5,5,'0x81FF','0xFD','0x0','0x8000','0xFD04',
10,6,6,'0x81FF','0xFD','0x0','0x8000','0xFD04',
11,7,7,'0x81FF','0xFD','0x0','0x8000','0xFD04',
12,8,8,'0x81FF','0xFD','0x0','0x8000','0xFD04',
13,9,9,'0x81FF','0xFD','0x0','0x8000','0xFD04',
14,10,10,'0x81FF','0xFD','0x0','0x8000','0xFD04',
15,11,11,'0x81FF','0xFD','0x0','0x8000','0xFD04',
16,12,12,'0x81FF','0xFD','0x0','0x8000','0xFD04',
17,13,13,'0x81FF','0xFD','0x0','0x8000','0xFD04',
18,14,14,'0x81FF','0xFD','0x0','0x8000','0xFD04',
19,15,15,'0x81FF','0xFD','0x0','0x8000','0xFD04',
37,16,16,'0x81FF','0xFD','0x0','0x8000','0xFD04',
66,17,17,'0x81FF','0xFD','0x0','0x8000','0xFD04',
91,18,18,'0x81FF','0xFD','0x0','0x8000','0xFD04',
116,19,19,'0x81FF','0xFD','0x0','0x8000','0xFD04',
141,20,20,'0x81FF','0xFD','0x0','0x8000','0xFD04',
166,21,21,'0x81FF','0xFD','0x0','0x8000','0xFD04',
191,22,22,'0x81FF','0xFD','0x0','0x8000','0xFD04',
216,23,23,'0x81FF','0xFD','0x0','0x8000','0xFD04',
241,24,24,'0x81FF','0xFD','0x0','0x8000','0xFD04',
266,25,25,'0x81FF','0xFD','0x0','0x8000','0xFD04',
291,26,26,'0x81FF','0xFD','0x0','0x8000','0xFD04',
316,27,27,'0x81FF','0xFD','0x0','0x8000','0xFD04',
341,28,28,'0x81FF','0xFD','0x0','0x8000','0xFD04',
366,29,29,'0x81FF','0xFD','0x0','0x8000','0xFD04',
391,30,30,'0x81FF','0xFD','0x0','0x8000','0xFD04',
416,31,31,'0x81FF','0xFD','0x0','0x8000','0xFD04',
441,32,32,'0x81FF','0xFD','0x0','0x8000','0xFD04',
466,33,33,'0x81FF','0xFD','0x0','0x8000','0xFD04',
491,34,34,'0x81FF','0xFD','0x0','0x8000','0xFD04',
516,35,35,'0x81FF','0xFD','0x0','0x8000','0xFD04',
541,36,36,'0x81FF','0xFD','0x0','0x8000','0xFD04',
566,37,37,'0x81FF','0xFD','0x0','0x8000','0xFD04',
591,38,38,'0x81FF','0xFD','0x0','0x8000','0xFD04',
616,39,39,'0x81FF','0xFD','0x0','0x8000','0xFD04',
641,40,40,'0x81FF','0xFD','0x0','0x8000','0xFD04',
666,41,41,'0x81FF','0xFD','0x0','0x8000','0xFD04',
691,42,42,'0x81FF','0xFD','0x0','0x8000','0xFD04',
716,43,43,'0x81FF','0xFD','0x0','0x8000','0xFD04',
741,44,44,'0x81FF','0xFD','0x0','0x8000','0xFD04',
766,45,45,'0x81FF','0xFD','0x0','0x8000','0xFD04',
791,46,46,'0x81FF','0xFD','0x0','0x8000','0xFD04',
816,47,47,'0x81FF','0xFD','0x0','0x8000','0xFD04',
841,48,48,'0x81FF','0xFD','0x0','0x8000','0xFD04',
866,49,49,'0x81FF','0xFD','0x0','0x8000','0xFD04',
891,50,50,'0x81FF','0xFD','0x0','0x8000','0xFD04',
916,51,51,'0x81FF','0xFD','0x0','0x8000','0xFD04',
941,52,52,'0x81FF','0xFD','0x0','0x8000','0xFD04',
966,53,53,'0x81FF','0xFD','0x0','0x8000','0xFD04',
991,54,54,'0x81FF','0xFD','0x0','0x8000','0xFD04',
1016,55,55,'0x81FF','0xFD','0x0','0x8000','0xFD04',
1041,56,56,'0x81FF','0xFD','0x0','0x8000','0xFD04',
1066,57,57,'0x81FF','0xFD','0x0','0x8000','0xFD04',
1091,58,58,'0x81FF','0xFD','0x0','0x8000','0xFD04',
1116,59,59,'0x81FF','0xFD','0x0','0x8000','0xFD04',
1141,60,60,'0x81FF','0xFD','0x0','0x8000','0xFD04',
1166,61,61,'0x81FF','0xFD','0x0','0x8000','0xFD04',
1191,62,62,'0x81FF','0xFD','0x0','0x8000','0xFD04',
1216,63,63,'0x81FF','0xFD','0x0','0x8000','0xFD04',
1241,64,64,'0x81FF','0xFD','0x0','0x8000','0xFD04',
1266,65,65,'0x81FF','0xFD','0x0','0x8000','0xFD04',
1291,66,66,'0x81FF','0xFD','0x0','0x8000','0xFD04',
1316,67,67,'0x81FF','0xFD','0x0','0x8000','0xFD04',
1341,68,68,'0x81FF','0xFD','0x0','0x8000','0xFD04',
1366,69,69,'0x81FF','0xFD','0x0','0x8000','0xFD04',
1391,70,70,'0x81FF','0xFD','0x0','0x8000','0xFD04',
1416,71,71,'0x81FF','0xFD','0x0','0x8000','0xFD04',
1441,72,72,'0x81FF','0xFD','0x0','0x8000','0xFD04',
1466,73,73,'0x81FF','0xFD','0x0','0x8000','0xFD04',
1491,74,74,'0x81FF','0xFD','0x0','0x8000','0xFD04',
1516,75,75,'0x81FF','0xFD','0x0','0x8000','0xFD04',
1541,76,76,'0x81FF','0xFD','0x0','0x8000','0xFD04',
1566,77,77,'0x81FF','0xFD','0x0','0x8000','0xFD04',
1591,78,78,'0x81FF','0xFD','0x0','0x8000','0xFD04',
1616,79,79,'0x81FF','0xFD','0x0','0x8000','0xFD04',
1641,80,80,'0x81FF','0xFD','0x0','0x8000','0xFD04',
1666,81,81,'0x81FF','0xFD','0x0','0x8000','0xFD04',
1691,82,82,'0x81FF','0xFD','0x0','0x8000','0xFD04',
1716,83,83,'0x81FF','0xFD','0x0','0x8000','0xFD04',
1741,84,84,'0x81FF','0xFD','0x0','0x8000','0xFD04',
1766,85,85,'0x81FF','0xFD','0x0','0x8000','0xFD04',
1791,86,86,'0x81FF','0xFD','0x0','0x8000','0xFD04',
1816,87,87,'0x81FF','0xFD','0x0','0x8000','0xFD04',
1841,88,88,'0x81FF','0xFD','0x0','0x8000','0xFD04',
1866,89,89,'0x81FF','0xFD','0x0','0x8000','0xFD04',
1891,90,90,'0x81FF','0xFD','0x0','0x8000','0xFD04',
1916,91,91,'0x81FF','0xFD','0x0','0x8000','0xFD04',
1941,92,92,'0x81FF','0xFD','0x0','0x8000','0xFD04',
1966,93,93,'0x81FF','0xFD','0x0','0x8000','0xFD04',
1991,94,94,'0x81FF','0xFD','0x0','0x8000','0xFD04',
2016,95,95,'0x81FF','0xFD','0x0','0x8000','0xFD04',
2041,96,96,'0x81FF','0xFD','0x0','0x8000','0xFD04',
2066,97,97,'0x81FF','0xFD','0x0','0x8000','0xFD04',
2091,98,98,'0x81FF','0xFD','0x0','0x8000','0xFD04',
2116,99,99,'0x81FF','0xFD','0x0','0x8000','0xFD04',
2141,100,100,'0x81FF','0xFD','0x0','0x8000','0xFD04',
2166,101,101,'0x81FF','0xFD','0x0','0x8000','0xFD04',
2191,102,102,'0x81FF','0xFD','0x0','0x8000','0xFD04',
2216,103,103,'0x81FF','0xFD','0x0','0x8000','0xFD04',
2241,104,104,'0x81FF','0xFD','0x0','0x8000','0xFD04',
2266,105,105,'0x81FF','0xFD','0x0','0x8000','0xFD04',
2291,106,106,'0x81FF','0xFD','0x0','0x8000','0xFD04',
2316,107,107,'0x81FF','0xFD','0x0','0x8000','0xFD04',
2341,108,108,'0x81FF','0xFD','0x0','0x8000','0xFD04',
2366,109,109,'0x81FF','0xFD','0x0','0x8000','0xFD04',
2391,110,110,'0x81FF','0xFD','0x0','0x8000','0xFD04',
2416,111,111,'0x81FF','0xFD','0x0','0x8000','0xFD04',
2441,112,112,'0x81FF','0xFD','0x0','0x8000','0xFD04',
2466,113,113,'0x81FF','0xFD','0x0','0x8000','0xFD04',
2491,114,114,'0x81FF','0xFD','0x0','0x8000','0xFD04',
2516,115,115,'0x81FF','0xFD','0x0','0x8000','0xFD04',
2541,116,116,'0x81FF','0xFD','0x0','0x8000','0xFD04',
2566,117,117,'0x81FF','0xFD','0x0','0x8000','0xFD04',
2591,118,118,'0x81FF','0xFD','0x0','0x8000','0xFD04',
2616,119,119,'0x81FF','0xFD','0x0','0x8000','0xFD04',
2641,120,120,'0x81FF','0xFD','0x0','0x8000','0xFD04',
2666,121,121,'0x81FF','0xFD','0x0','0x8000','0xFD04',
2691,122,122,'0x81FF','0xFD','0x0','0x8000','0xFD04',
2716,123,123,'0x81FF','0xFD','0x0','0x8000','0xFD04',
2741,124,124,'0x81FF','0xFD','0x0','0x8000','0xFD04',
2766,125,125,'0x81FF','0xFD','0x0','0x8000','0xFD04',
2791,126,126,'0x81FF','0xFD','0x0','0x8000','0xFD04',
2816,127,127,'0x81FF','0xFD','0x0','0x8000','0xFD04',
2841,128,128,'0x81FF','0xFD','0x0','0x8000','0xFD04',
2866,129,129,'0x81FF','0xFD','0x0','0x8000','0xFD04',
2891,130,130,'0x81FF','0xFD','0x0','0x8000','0xFD04',
2916,131,131,'0x81FF','0xFD','0x0','0x8000','0xFD04',
2941,132,132,'0x81FF','0xFD','0x0','0x8000','0xFD04',
2966,133,133,'0x81FF','0xFD','0x0','0x8000','0xFD04',
2991,134,134,'0x81FF','0xFD','0x0','0x8000','0xFD04',
3016,135,135,'0x81FF','0xFD','0x0','0x8000','0xFD04',
3041,136,136,'0x81FF','0xFD','0x0','0x8000','0xFD04',
3066,137,137,'0x81FF','0xFD','0x0','0x8000','0xFD04',
3091,138,138,'0x81FF','0xFD','0x0','0x8000','0xFD04',
3116,139,139,'0x81FF','0xFD','0x0','0x8000','0xFD04',
3141,140,140,'0x81FF','0xFD','0x0','0x8000','0xFD04',
3166,141,141,'0x81FF','0xFD','0x0','0x8000','0xFD04',
3191,142,142,'0x81FF','0xFD','0x0','0x8000','0xFD04',
3216,143,143,'0x81FF','0xFD','0x0','0x8000','0xFD04',
3241,144,144,'0x81FF','0xFD','0x0','0x8000','0xFD04',
3266,145,145,'0x81FF','0xFD','0x0','0x8000','0xFD04',
3291,146,146,'0x81FF','0xFD','0x0','0x8000','0xFD04',
3316,147,147,'0x81FF','0xFD','0x0','0x8000','0xFD04',
3341,148,148,'0x81FF','0xFD','0x0','0x8000','0xFD04',
3366,149,149,'0x81FF','0xFD','0x0','0x8000','0xFD04',
3391,150,150,'0x81FF','0xFD','0x0','0x8000','0xFD04',
3416,151,151,'0x81FF','0xFD','0x0','0x8000','0xFD04',
3441,152,152,'0x81FF','0xFD','0x0','0x8000','0xFD04',
3466,153,153,'0x81FF','0xFD','0x0','0x8000','0xFD04',
3491,154,154,'0x81FF','0xFD','0x0','0x8000','0xFD04',
3516,155,155,'0x81FF','0xFD','0x0','0x8000','0xFD04',
3541,156,156,'0x81FF','0xFD','0x0','0x8000','0xFD04',
3566,157,157,'0x81FF','0xFD','0x0','0x8000','0xFD04',
3591,158,158,'0x81FF','0xFD','0x0','0x8000','0xFD04',
